V0101A	V0101A	
V0101B	V0101B	
V0102A	V0102A	
V0102B	V0102B	
V0103A	V0103A	
V0103B	V0103B	
P0101A	Pump	GWZ-65DM-11KW-K-SSIC
P0101B	Pump	GWZ-65DM-11KW-K-SSIC
P0102A	Pump	GHZ-50DM-7.5KW-K-SSIC
P0102B	Pump	GHZ-50DM-7.5KW-K-SSIC
P0105A	Pump	GWZ-65DM-11KW-K-SSIC
P0105B	Pump	GWZ-65DM-11KW-K-SSIC
P0106A	Pump	GWZ-65DM-11KW-K-SSIC
P0106B	Pump	GWZ-65DM-11KW-K-SSIC
P0103A	Pump	GWZ-65DM-7.5KW-K-SSIC-EX
P0103B	Pump	GWZ-65DM-7.5KW-K-SSIC-EX
P0104A	Pump	GWZ-65DM-11KW-K-SSIC-EX
P0104B	Pump	GWZ-65DM-11KW-K-SSIC-EX
